run,t_s,phase,pg_wal_bytes,segments,wal_written_bytes,slot_retained_bytes,slot_confirmed_lsn,slot_wal_status
no-hb,1,idle,268435456,16,0,96,1/618BD050,reserved
no-hb,6,idle,268435456,16,56,152,1/618BD050,reserved
no-hb,11,idle,268435456,16,56,152,1/618BD050,reserved
no-hb,16,idle,268435456,16,56,152,1/618BD050,reserved
no-hb,21,idle,268435456,16,232,328,1/618BD050,reserved
no-hb,26,idle,268435456,16,288,384,1/618BD050,reserved
no-hb,31,load,268435456,16,39931784,39931880,1/618BD050,reserved
no-hb,36,load,486539264,29,477368200,477368296,1/618BD050,extended
no-hb,41,load,905969664,54,878079880,878079976,1/618BD050,extended
no-hb,46,load,1308622848,78,1282682760,1282682856,1/618BD050,extended
no-hb,51,load,1711276032,102,1698390208,1698390304,1/618BD050,extended
no-hb,56,load,2113929216,126,2104758152,2104758248,1/618BD050,extended
no-hb,61,load,2533359616,151,2514486008,2514486104,1/618BD050,extended
no-hb,66,load,2936012800,175,2911467640,2911467736,1/618BD050,extended
no-hb,71,load,3204448256,191,3178508168,3178508264,1/618BD050,extended
no-hb,76,load,3254779904,194,3242311064,3242311160,1/618BD050,extended
no-hb,82,load,3321888768,198,3304271752,3304271848,1/618BD050,extended
no-hb,87,load,3405774848,203,3379834760,3379834856,1/618BD050,extended
no-hb,92,load,3472883712,207,3458649992,3458650088,1/618BD050,extended
no-hb,97,load,3590324224,214,3564384136,3564384232,1/618BD050,extended
no-hb,102,load,3758096384,224,3732156296,3732156392,1/618BD050,extended
no-hb,107,load,3875536896,231,3859924480,3859924576,1/618BD050,extended
no-hb,112,load,4012138496,240,4000591752,4000591848,1/618BD050,extended
no-hb,117,load,4227858432,252,4201918344,4201918440,1/618BD050,extended
no-hb,122,load,4445962240,265,4420022152,4420022248,1/618BD050,extended
no-hb,127,load,4596957184,274,4571017096,4571017192,1/618BD050,extended
no-hb,132,load,4781506560,285,4770197384,4770197480,1/618BD050,extended
no-hb,137,load,5016387584,299,5006841680,5006841776,1/618BD050,extended
no-hb,142,load,5251268608,313,5223190408,5223190504,1/618BD050,extended
no-hb,147,load,5435817984,324,5409877896,5409877992,1/618BD050,extended
no-hb,152,load,5603590144,334,5576085384,5576085480,1/618BD050,extended
no-hb,157,load,5949620224,355,5929062280,5929062376,1/618BD050,extended
no-hb,162,load,6157238272,367,6127546248,6127546344,1/618BD050,extended
no-hb,167,load,6375342080,380,6349401992,6349402088,1/618BD050,extended
no-hb,173,load,6492782592,387,6480457608,6480457704,1/618BD050,extended
no-hb,178,load,6794772480,405,6771370632,6771370728,1/618BD050,extended
no-hb,183,load,7063207936,421,7049506696,7049514984,1/618BD050,extended
no-hb,188,load,7281311744,434,7267823496,7267831784,1/618BD050,extended
no-hb,193,load,7499415552,447,7472967560,7472967656,1/618BD050,extended
no-hb,198,load,7650410496,456,7627353992,7627354088,1/618BD050,extended
no-hb,203,load,8002732032,477,7976791944,7976792040,1/618BD050,extended
no-hb,208,load,8204058624,489,8190865288,8190873576,1/618BD050,extended
no-hb,213,wait,8304721920,495,8293311544,8293311640,1/618BD050,extended
no-hb,218,wait,8304721920,495,8293311544,8293311640,1/618BD050,extended
no-hb,223,wait,8304721920,495,8293311600,8293311696,1/618BD050,extended
no-hb,228,wait,8304721920,495,8293311600,8293311696,1/618BD050,extended
no-hb,233,wait,8304721920,495,8293311600,8293311696,1/618BD050,extended
no-hb,238,wait,8304721920,495,8293311600,8293311696,1/618BD050,extended
no-hb,243,wait,8321499136,496,8293311776,8293311872,1/618BD050,extended
no-hb,248,wait,8321499136,496,8293311832,8293311928,1/618BD050,extended
no-hb,253,wait,8321499136,496,8293311832,8293311928,1/618BD050,extended
no-hb,259,wait,8321499136,496,8293311832,8293311928,1/618BD050,extended
no-hb,264,wait,8321499136,496,8293311832,8293311928,1/618BD050,extended
no-hb,269,wait,8321499136,496,8293311832,8293311928,1/618BD050,extended
no-hb,274,after,8321499136,496,8293387936,8293388032,1/618BD050,extended
no-hb,279,after,8321499136,496,8293387936,8293388032,1/618BD050,extended
no-hb,284,after,8321499136,496,8293389576,8293389672,1/618BD050,extended
no-hb,289,after,8321499136,496,8293389576,8293389672,1/618BD050,extended
no-hb,294,after,8321499136,496,8293389768,8293389864,1/618BD050,extended
no-hb,299,after,8321499136,496,8293389768,8293389864,1/618BD050,extended
no-hb,304,after,8321499136,496,8293391648,8293391648,3/4FDEE580,extended
no-hb,309,after,8321499136,496,8293391648,8293391648,3/4FDEE580,extended
no-hb,314,after,8321499136,496,8293391840,8293391840,3/4FDEE608,extended
no-hb,319,after,8321499136,496,8293391840,8293391840,3/4FDEE608,extended
no-hb,324,after,8321499136,496,8293391976,8293391976,3/4FDEED98,extended
no-hb,329,after,8321499136,496,8293392152,8293392152,3/4FDEED98,extended
no-hb,334,after,8321499136,496,8293497576,105792,3/4FDEEE20,reserved
no-hb,339,after,8321499136,496,8293497576,105792,3/4FDEEE20,reserved
no-hb,345,after,8321499136,496,8293497712,105928,3/4FDEEEE0,reserved
no-hb,350,after,8321499136,496,8293497712,105928,3/4FDEEEE0,reserved
no-hb,355,after,8321499136,496,8293497904,106120,3/4FDEF6B8,reserved
no-hb,360,after,8321499136,496,8293497904,106120,3/4FDEF6B8,reserved
no-hb,365,after,234881024,14,8293500048,2528,3/4FE08BE8,reserved
no-hb,370,after,234881024,14,8293500048,2528,3/4FE08BE8,reserved
no-hb,375,after,234881024,14,8293500184,2664,3/4FE08C70,reserved
no-hb,380,after,234881024,14,8293500240,2720,3/4FE08C70,reserved
no-hb,385,after,234881024,14,8293500376,504,3/4FE09458,reserved
no-hb,390,after,234881024,14,8293500552,680,3/4FE09458,reserved
no-hb,395,after,234881024,14,8293502648,2776,3/4FE09590,reserved
no-hb,400,after,234881024,14,8293502704,2832,3/4FE09590,reserved
no-hb,405,after,234881024,14,8293502840,2464,3/4FE09650,reserved
no-hb,410,after,234881024,14,8293502840,2464,3/4FE09650,reserved
no-hb,415,after,234881024,14,8293503000,2624,3/4FE09F30,reserved
no-hb,420,after,234881024,14,8293503232,2856,3/4FE09F30,reserved
no-hb,425,after,234881024,14,8293505464,5088,3/4FE09FF0,reserved
no-hb,430,after,234881024,14,8293505464,5088,3/4FE09FF0,reserved
no-hb,436,after,234881024,14,8293505600,2600,3/4FE0A090,reserved
no-hb,441,after,234881024,14,8293505656,2656,3/4FE0A090,reserved
no-hb,446,after,234881024,14,8293505792,2792,3/4FE0AA30,reserved
no-hb,451,after,234881024,14,8293505968,368,3/4FE0AAB8,reserved
no-hb,456,after,234881024,14,8293508328,2728,3/4FE0AAB8,reserved
no-hb,461,after,234881024,14,8293508384,2784,3/4FE0AB78,reserved
no-hb,466,after,234881024,14,8293508520,2920,3/4FE0AB78,reserved
no-hb,471,after,234881024,14,8293508520,192,3/4FE0B560,reserved
no-hb,476,after,234881024,14,8293508656,328,3/4FE0B560,reserved
no-hb,481,after,234881024,14,8293508888,560,3/4FE0B620,reserved
no-hb,486,after,234881024,14,8293511408,3080,3/4FE0B620,reserved
no-hb,491,after,234881024,14,8293511408,2752,3/4FE0B6A8,reserved
no-hb,496,after,234881024,14,8293511544,2888,3/4FE0B6A8,reserved
no-hb,501,after,234881024,14,8293511600,2944,3/4FE0C168,reserved
no-hb,506,after,234881024,14,8293511736,3080,3/4FE0C168,reserved
interval-only,1,idle,234881024,14,0,96,3/4FE166D8,reserved
interval-only,6,idle,234881024,14,0,96,3/4FE166D8,reserved
interval-only,11,idle,234881024,14,0,96,3/4FE166D8,reserved
interval-only,16,idle,234881024,14,56,152,3/4FE166D8,reserved
interval-only,21,idle,234881024,14,232,328,3/4FE166D8,reserved
interval-only,26,idle,234881024,14,232,328,3/4FE166D8,reserved
interval-only,31,load,234881024,14,39237888,39246176,3/4FE166D8,reserved
interval-only,36,load,503316480,30,485181320,485181416,3/4FE166D8,extended
interval-only,41,load,922746880,55,891197696,891197792,3/4FE166D8,extended
interval-only,46,load,1342177280,80,1323331352,1323331448,3/4FE166D8,extended
interval-only,51,load,1761607680,105,1734973696,1734981984,3/4FE166D8,extended
interval-only,57,load,2181038080,130,2157353216,2157353312,3/4FE166D8,extended
interval-only,62,load,2600468480,155,2568919296,2568919392,3/4FE166D8,extended
interval-only,67,load,3003121664,179,2988341504,2988341600,3/4FE166D8,extended
interval-only,72,load,3103784960,185,3083712768,3083712864,3/4FE166D8,extended
interval-only,77,load,3187671040,190,3156121856,3156121952,3/4FE166D8,extended
interval-only,82,load,3254779904,194,3238140160,3238140256,3/4FE166D8,extended
interval-only,87,load,3338665984,199,3308485904,3308486000,3/4FE166D8,extended
interval-only,92,load,3422552064,204,3391002880,3391002976,3/4FE166D8,extended
interval-only,98,load,3590324224,214,3558775040,3558775136,3/4FE166D8,extended
interval-only,103,load,3741319168,223,3709769984,3709770080,3/4FE166D8,extended
interval-only,108,load,3858759680,230,3837839032,3837839128,3/4FE166D8,extended
interval-only,113,load,3992977408,238,3978197248,3978197344,3/4FE166D8,extended
interval-only,118,load,4194304000,250,4168792184,4168792280,3/4FE166D8,extended
interval-only,123,load,4395630592,262,4380850432,4380850528,3/4FE166D8,extended
interval-only,128,load,4513071104,269,4481521920,4481522016,3/4FE166D8,extended
interval-only,133,load,4747952128,283,4733171968,4733172064,3/4FE166D8,extended
interval-only,138,load,4966055936,296,4940754392,4940754488,3/4FE166D8,extended
interval-only,143,load,5150605312,307,5134948608,5134948704,3/4FE166D8,extended
interval-only,148,load,5335154688,318,5303605504,5303605600,3/4FE166D8,extended
interval-only,153,load,5536481280,330,5504932096,5504932192,3/4FE166D8,extended
interval-only,159,load,5872025600,350,5840484608,5840484704,3/4FE166D8,extended
interval-only,164,load,6090129408,363,6058580224,6058580320,3/4FE166D8,extended
interval-only,169,load,6308233216,376,6276684032,6276684128,3/4FE166D8,extended
interval-only,174,load,6442450944,384,6418739648,6418739744,3/4FE166D8,extended
interval-only,179,load,6845104128,408,6811588864,6811588960,3/4FE166D8,extended
interval-only,184,load,7063207936,421,7031658752,7031658848,3/4FE166D8,extended
interval-only,189,load,7298088960,435,7266539776,7266539872,3/4FE166D8,extended
interval-only,194,load,7516192768,448,7495366912,7495367008,3/4FE166D8,extended
interval-only,199,load,7717519360,460,7685970176,7685970272,3/4FE166D8,extended
interval-only,204,load,7985954816,476,7962824544,7962824640,3/4FE166D8,extended
interval-only,209,load,8204058624,489,8176886136,8176886232,3/4FE166D8,extended
interval-only,214,wait,8254390272,492,8227525280,8227525376,3/4FE166D8,extended
interval-only,220,wait,8254390272,492,8227525280,8227525376,3/4FE166D8,extended
interval-only,225,wait,8254390272,492,8227525336,8227525432,3/4FE166D8,extended
interval-only,230,wait,8254390272,492,8227525336,8227525432,3/4FE166D8,extended
interval-only,235,wait,8254390272,492,8227588792,8227588888,3/4FE166D8,extended
interval-only,240,wait,8254390272,492,8227588968,8227589064,3/4FE166D8,extended
interval-only,245,wait,8254390272,492,8227589024,8227589120,3/4FE166D8,extended
interval-only,250,wait,8254390272,492,8227589024,8227589120,3/4FE166D8,extended
interval-only,255,wait,8254390272,492,8227589024,8227589120,3/4FE166D8,extended
interval-only,260,wait,8254390272,492,8227589024,8227589120,3/4FE166D8,extended
interval-only,265,wait,8254390272,492,8227589024,8227589120,3/4FE166D8,extended
interval-only,270,wait,8254390272,492,8227589024,8227589120,3/4FE166D8,extended
interval-only,275,after,8254390272,492,8227612200,8227612296,3/4FE166D8,extended
interval-only,280,after,8254390272,492,8227612200,8227612296,3/4FE166D8,extended
interval-only,285,after,8254390272,492,8227612664,8227612760,3/4FE166D8,extended
interval-only,290,after,8254390272,492,8227612664,8227612760,3/4FE166D8,extended
interval-only,295,after,8254390272,492,8227621248,8227621344,3/4FE166D8,extended
interval-only,300,after,8254390272,492,8227621248,8227621344,3/4FE166D8,extended
interval-only,305,after,8254390272,492,8227621968,8227621968,5/3A48CEF8,extended
interval-only,311,after,8254390272,492,8227621968,8227621968,5/3A48CEF8,extended
interval-only,316,after,8254390272,492,8227622160,8227622160,5/3A48F048,extended
interval-only,321,after,8254390272,492,8227622160,8227622160,5/3A48F048,extended
interval-only,326,after,8254390272,492,8227630168,8376,5/3A48F2A0,reserved
interval-only,331,after,268435456,16,8227635440,13648,5/3A48F2A0,reserved
interval-only,336,after,268435456,16,8227636160,14368,5/3A48F3D8,reserved
interval-only,341,after,268435456,16,8227636160,14368,5/3A48F3D8,reserved
interval-only,346,after,268435456,16,8227636296,14504,5/3A48F498,reserved
interval-only,351,after,268435456,16,8227772352,150560,5/3A48F498,reserved
interval-only,356,after,268435456,16,8227772544,137280,5/3A492A88,reserved
interval-only,361,after,268435456,16,8227772544,137280,5/3A492A88,reserved
interval-only,366,after,268435456,16,8227773528,138264,5/3A492B48,reserved
interval-only,371,after,268435456,16,8227773528,138264,5/3A492B48,reserved
interval-only,376,after,268435456,16,8227773720,1232,5/3A4B3F48,reserved
interval-only,381,after,268435456,16,8227773720,1232,5/3A4B3F48,reserved
interval-only,386,after,268435456,16,8227773856,1368,5/3A4B42A8,reserved
interval-only,391,after,268435456,16,8227774032,1544,5/3A4B42A8,reserved
interval-only,396,after,268435456,16,8227774992,1328,5/3A4B43E0,reserved
interval-only,402,after,268435456,16,8227774992,1328,5/3A4B44A0,reserved
interval-only,407,after,268435456,16,8227775128,1464,5/3A4B44A0,reserved
interval-only,412,after,268435456,16,8227775128,192,5/3A4B48D8,reserved
interval-only,417,after,268435456,16,8227775320,384,5/3A4B48D8,reserved
interval-only,422,after,268435456,16,8227775496,560,5/3A4B4998,reserved
interval-only,427,after,268435456,16,8227776520,1584,5/3A4B4998,reserved
interval-only,432,after,268435456,16,8227776520,1256,5/3A4B4A20,reserved
interval-only,437,after,268435456,16,8227776712,1448,5/3A4B4A20,reserved
interval-only,442,after,268435456,16,8227776712,1448,5/3A4B4F08,reserved
interval-only,447,after,268435456,16,8227776848,1584,5/3A4B4F08,reserved
interval-only,452,after,268435456,16,8227777024,368,5/3A4B4F90,reserved
interval-only,457,after,268435456,16,8227778224,1568,5/3A4B4F90,reserved
interval-only,462,after,268435456,16,8227778224,1568,5/3A4B5050,reserved
interval-only,467,after,268435456,16,8227778360,1704,5/3A4B5050,reserved
interval-only,472,after,268435456,16,8227778360,192,5/3A4B5578,reserved
interval-only,477,after,268435456,16,8227778552,384,5/3A4B5578,reserved
interval-only,482,after,268435456,16,8227778728,560,5/3A4B5638,reserved
interval-only,487,after,268435456,16,8227779992,1824,5/3A4B5638,reserved
interval-only,492,after,268435456,16,8227779992,1496,5/3A4B56C0,reserved
interval-only,498,after,268435456,16,8227780184,1688,5/3A4B56C0,reserved
interval-only,503,after,268435456,16,8227780184,1688,5/3A4B5C98,reserved
interval-only,508,after,268435456,16,8227780320,1824,5/3A4B5C98,reserved
hb,0,idle,268435456,16,0,1696,5/3A4B7C60,reserved
hb,5,idle,268435456,16,0,1696,5/3A4B7C60,reserved
hb,10,idle,268435456,16,136,1832,5/3A4B81E0,reserved
hb,15,idle,268435456,16,192,1888,5/3A4B81E0,reserved
hb,20,idle,268435456,16,1872,2064,5/3A4B82C8,reserved
hb,25,idle,268435456,16,1872,2064,5/3A4B82C8,reserved
hb,31,load,268435456,16,39918904,39919096,5/3A4B8350,reserved
hb,36,load,520093696,31,498367800,498367992,5/3A4B8350,extended
hb,41,load,939524096,56,926276152,926275960,5/3A4B8A18,extended
hb,46,load,1358954496,81,1337228600,1337228408,5/3A4B8A18,extended
hb,51,load,1761607680,105,1754127672,1754127480,5/3A4B8AA0,extended
hb,56,load,2181038080,130,2165218616,2165226616,5/3A4B8AA0,extended
hb,61,load,2600468480,155,2588540216,2588548216,5/671AB330,extended
hb,66,load,3019898880,180,2999719776,2999719584,5/671AB330,extended
hb,71,load,3103784960,185,3082059064,2288104224,5/99400908,extended
hb,76,load,2566914048,153,3171982648,2378027808,5/99400908,extended
hb,81,load,2566914048,153,3308517928,2514563088,5/CAE83768,extended
hb,86,load,2634022912,157,3400826168,2606871328,5/CAE83768,extended
hb,91,load,2717908992,162,3484984144,2691029304,5/F0413B40,extended
hb,96,load,2835349504,169,3617285024,2823330184,5/F0413B40,extended
hb,101,load,3019898880,180,3786702136,834350368,5/FCDE9240,extended
hb,106,load,2332033024,139,3904068400,951716632,5/FCDE9240,extended
hb,111,load,1140850688,68,4088692024,1136340256,6/840BB40,extended
hb,116,load,1342177280,80,4290010424,1337658656,6/840BB40,extended
hb,121,load,1560281088,93,4491345208,1538993440,6/194003C8,extended
hb,127,load,1694498816,101,4625562936,1673211168,6/194003C8,extended
hb,132,load,1258291200,75,4994653496,1244979664,6/2C32C290,extended
hb,137,load,1476395008,88,5212757304,1463083472,6/2C32C290,extended
hb,142,load,1728053248,103,5448280248,1698606416,6/43DCF3B8,extended
hb,147,load,1946157056,116,5664636216,1914962384,6/43DCF3B8,extended
hb,152,load,2113929216,126,5845373720,1125057384,6/60CBEA58,extended
hb,157,load,1459617792,87,6154168688,1433852352,6/60CBEA58,extended
hb,162,load,1677721600,100,6387162424,1666846088,6/7D3FE9C0,extended
hb,167,load,1912602624,114,6605274424,1884958088,6/7D3FE9C0,extended
hb,172,load,2013265920,120,6705937720,1014988040,6/9413EB20,extended
hb,177,load,1442840576,86,7120485688,1429536008,6/9413EB20,extended
hb,182,load,1660944384,99,7326694712,1635745032,6/B5401D20,extended
hb,187,load,1879048192,112,7544798520,1853848840,6/B5401D20,extended
hb,192,load,2046820352,122,7712570680,2021621000,6/C9402220,extended
hb,197,load,2264924160,135,7930674488,2239724808,6/C9402220,extended
hb,202,load,1627389952,97,8266210616,1516516680,6/EE930298,extended
hb,207,load,1778384896,106,8514497688,1764803752,6/EE930298,extended
hb,212,wait,1912602624,114,8646847984,1897154048,7/6400450,extended
hb,218,wait,1912602624,114,8646850248,1897156312,7/6400450,extended
hb,223,wait,1912602624,114,8646850304,551477480,7/28A719E8,extended
hb,228,wait,1912602624,114,8646850440,551477616,7/28A719E8,extended
hb,233,wait,1912602624,114,8646850440,192,7/3DAFF990,reserved
hb,238,wait,1912602624,114,8646855672,5424,7/3DAFF990,reserved
hb,243,wait,268435456,16,8646855904,5656,7/3DAFFA50,reserved
hb,248,wait,268435456,16,8646982296,132048,7/3DAFFA50,reserved
hb,253,wait,268435456,16,8646982296,126624,7/3DB00EC0,reserved
hb,258,wait,268435456,16,8646982432,126760,7/3DB00EC0,reserved
hb,263,wait,268435456,16,8646982488,126816,7/3DB018F8,reserved
hb,268,wait,268435456,16,8646982624,192,7/3DB1FDE8,reserved
hb,273,after,268435456,16,8646982800,368,7/3DB1FDE8,reserved
hb,278,after,268435456,16,8646985328,2704,7/3DB1FEA8,reserved
hb,283,after,268435456,16,8646985384,2760,7/3DB1FEA8,reserved
hb,288,after,268435456,16,8646985520,192,7/3DB20938,reserved
hb,293,after,268435456,16,8646985520,192,7/3DB20938,reserved
hb,298,after,268435456,16,8646985656,328,7/3DB209F8,reserved
hb,303,after,268435456,16,8646985888,560,7/3DB209F8,reserved
hb,309,after,268435456,16,8647007632,21976,7/3DB20A80,reserved
hb,314,after,268435456,16,8647007632,21976,7/3DB20A80,reserved
hb,319,after,268435456,16,8647007768,22112,7/3DB215B0,reserved
hb,324,after,268435456,16,8647007824,22168,7/3DB215B0,reserved
hb,329,after,268435456,16,8647007960,192,7/3DB260E0,reserved
hb,334,after,268435456,16,8647008136,368,7/3DB260E0,reserved
hb,339,after,268435456,16,8647008688,728,7/3DB261A0,reserved
hb,344,after,268435456,16,8647008744,784,7/3DB261A0,reserved
hb,349,after,268435456,16,8647008880,192,7/3DB26478,reserved
hb,354,after,268435456,16,8647008880,192,7/3DB26478,reserved
hb,359,after,268435456,16,8647009192,504,7/3DB26538,reserved
hb,364,after,268435456,16,8647009248,560,7/3DB26538,reserved
hb,369,after,268435456,16,8647009920,904,7/3DB265C0,reserved
hb,374,after,268435456,16,8647009920,904,7/3DB265C0,reserved
hb,379,after,268435456,16,8647010056,1040,7/3DB26948,reserved
hb,384,after,268435456,16,8647010112,1096,7/3DB26948,reserved
hb,389,after,268435456,16,8647010424,368,7/3DB269D0,reserved
hb,394,after,268435456,16,8647010424,368,7/3DB269D0,reserved
hb,399,after,268435456,16,8647011216,968,7/3DB26A90,reserved
hb,405,after,268435456,16,8647011272,1024,7/3DB26A90,reserved
hb,410,after,268435456,16,8647011408,192,7/3DB26E58,reserved
hb,415,after,268435456,16,8647011408,192,7/3DB26E58,reserved
hb,420,after,268435456,16,8647011720,504,7/3DB26F18,reserved
hb,425,after,268435456,16,8647011720,504,7/3DB26F18,reserved
hb,430,after,268435456,16,8647012688,1144,7/3DB26FA0,reserved
hb,435,after,268435456,16,8647012688,1144,7/3DB26FA0,reserved
hb,440,after,268435456,16,8647012824,1280,7/3DB27418,reserved
hb,445,after,268435456,16,8647012824,1280,7/3DB27418,reserved
hb,450,after,268435456,16,8647013192,368,7/3DB274A0,reserved
hb,455,after,268435456,16,8647013192,368,7/3DB274A0,reserved
hb,460,after,268435456,16,8647014224,1208,7/3DB27560,reserved
hb,465,after,268435456,16,8647014224,1208,7/3DB27560,reserved
hb,470,after,268435456,16,8647014416,1400,7/3DB27A18,reserved
hb,475,after,268435456,16,8647014416,1400,7/3DB27A18,reserved
hb,480,after,268435456,16,8647014728,368,7/3DB27AA0,reserved
hb,485,after,268435456,16,8647014728,368,7/3DB27AA0,reserved
hb,490,after,268435456,16,8647015960,1408,7/3DB27B60,reserved
hb,495,after,268435456,16,8647015960,1408,7/3DB27B60,reserved
hb,501,after,268435456,16,8647016096,1544,7/3DB280A8,reserved
hb,506,after,268435456,16,8647016096,1544,7/3DB280A8,reserved
